Candidate_number,Name,Gender,Birthday,Question_number,Points,Time_to_answer
1,oz,Male,1986-03-25,5,10,2.703236
1,oz,Male,1986-03-25,5,10,2.703236
1,oz,Male,1986-03-25,5,10,2.703236
1,oz,Male,1986-03-25,5,10,2.703236
1,oz,Male,1986-03-25,5,10,2.703236
2,moran,Female,1998-01-25,1,0,6.66507
2,moran,Female,1998-01-25,2,0,1.836958
2,moran,Female,1998-01-25,3,0,1.644377
2,moran,Female,1998-01-25,4,10,1.19699
2,moran,Female,1998-01-25,5,10,2.768814
2,moran,Female,1998-01-25,6,0,3.259734
2,moran,Female,1998-01-25,7,10,3.188018
